scheme,label,records,degree,Polynomial ridge,Linear ridge,Random Forest,XGBoost,Naive,best
Base,quantum computing,7060,3,0.0256,0.2945,0.4118,0.3160,0.3149,Polynomial ridge
Base,quantum computing applications,4610,3,0.1125,0.3432,0.4138,0.3319,0.3308,Polynomial ridge
Base,quantum optimization,3965,3,0.0594,0.1972,0.2813,0.2093,0.2083,Polynomial ridge
Base,quantum hardware,3587,3,0.2137,0.0042,0.0615,0.0032,0.0042,XGBoost
Base,quantum computing hardware (hybrid),3340,3,0.2059,0.0663,0.0012,0.0448,0.0460,Random Forest
Base,quantum sensing,3155,3,0.0730,0.0059,0.0207,0.0092,0.0104,Linear ridge
Base,quantum cryptography,3068,3,0.0679,0.0669,0.1326,0.0947,0.0936,Linear ridge
Base,quantum security tools,2040,3,0.0430,0.1122,0.1653,0.1422,0.1410,Polynomial ridge
Base,quantum algorithms,1858,2,0.0158,0.0301,0.0718,0.0321,0.0311,Polynomial ridge
Base,quantum control,1812,2,0.0443,0.0034,0.0450,0.0075,0.0065,Linear ridge
Base,quantum computing theory,1531,2,0.0244,0.0111,0.0204,0.0048,0.0058,XGBoost
Base,quantum error correction,1507,2,0.0254,0.0651,0.0988,0.0726,0.0714,Polynomial ridge
Base,quantum machine learning,1334,2,0.0619,0.1522,0.1882,0.1424,0.1414,Polynomial ridge
Base,quantum communication,1299,2,0.0046,0.0495,0.0686,0.0361,0.0349,Polynomial ridge
Base,quantum image processing,807,1,0.0078,0.0078,0.0144,0.0023,0.0036,XGBoost
Base,quantum signal processing,649,1,0.0071,0.0071,0.0135,0.0089,0.0100,Polynomial ridge
Base,quantum coherence,616,1,0.0072,0.0072,0.0011,0.0159,0.0171,Random Forest
Base,quantum simulation,595,1,0.0023,0.0023,0.0116,0.0199,0.0211,Polynomial ridge
Base,quantum error mitigation,536,1,0.0067,0.0067,0.0236,0.0017,0.0005,Naive
Base,quantum distributed computing,434,1,0.0031,0.0031,0.0057,0.0233,0.0244,Polynomial ridge
Base,quantum conversion,374,1,0.0212,0.0212,0.0167,0.0347,0.0359,Random Forest
Base,quantum state tomography,366,1,0.0156,0.0156,0.0057,0.0287,0.0298,Random Forest
Base,quantum compilation,325,1,0.0188,0.0188,0.0109,0.0382,0.0393,Random Forest
Base,quantum data structures,304,1,0.0132,0.0132,0.0234,0.0101,0.0089,Naive
Base,quantum software tools,99,1,0.0016,0.0016,0.0031,0.0138,0.0149,Polynomial ridge
Base,quantum information theory,98,1,0.0095,0.0095,0.0075,0.0258,0.0269,Random Forest
Base,quantum logic gates,97,1,0.0129,0.0129,0.0110,0.0279,0.0290,Random Forest
Base,quantum metrology,97,1,0.0165,0.0165,0.0130,0.0298,0.0310,Random Forest
Base,quantum computing in ai,87,1,0.0050,0.0050,0.0016,0.0220,0.0231,Random Forest
Base,quantum visualization tools,71,1,0.0190,0.0190,0.0156,0.0330,0.0342,Random Forest
Base,quantum thermodynamics,64,1,0.0154,0.0154,0.0125,0.0296,0.0306,Random Forest
Base,quantum computational complexity,49,1,0.0197,0.0197,0.0176,0.0336,0.0348,Random Forest
Base,quantum resource theory,47,1,0.0128,0.0128,0.0107,0.0263,0.0276,Random Forest
Base,quantum noise spectroscopy,33,1,0.0162,0.0162,0.0126,0.0271,0.0283,Random Forest
Base,quantum surface codes,29,1,0.0160,0.0160,0.0131,0.0293,0.0305,Random Forest
Base,quantum reinforcement learning,26,1,0.0067,0.0067,0.0047,0.0219,0.0230,Random Forest
Base,quantum fidelity estimation,20,1,0.0160,0.0160,0.0135,0.0299,0.0311,Random Forest
Base,quantum workforce development,17,1,0.0161,0.0161,0.0141,0.0313,0.0324,Random Forest
Equal weights,quantum computing,7060,3,0.2903,0.1719,0.2624,0.1446,0.1434,Naive
Equal weights,quantum computing applications,4610,3,0.2246,0.2152,0.2714,0.1645,0.1634,Naive
Equal weights,quantum optimization,3965,3,0.2746,0.1005,0.1633,0.0647,0.0635,Naive
Equal weights,quantum hardware,3587,3,0.4465,0.0384,0.0023,0.0861,0.0874,Random Forest
Equal weights,quantum computing hardware (hybrid),3340,3,0.4577,0.0900,0.0408,0.1203,0.1215,Random Forest
Equal weights,quantum sensing,3155,3,0.3626,0.0483,0.0262,0.0927,0.0938,Random Forest
Equal weights,quantum cryptography,3068,3,0.3531,0.0121,0.0633,0.0111,0.0123,XGBoost
Equal weights,quantum security tools,2040,3,0.2836,0.0365,0.0764,0.0113,0.0102,Naive
Equal weights,quantum algorithms,1858,2,0.1005,0.0223,0.0164,0.0593,0.0604,Random Forest
Equal weights,quantum control,1812,2,0.1202,0.0435,0.0112,0.0819,0.0831,Random Forest
Equal weights,quantum computing theory,1531,2,0.1094,0.0339,0.0208,0.0861,0.0872,Random Forest
Equal weights,quantum error correction,1507,2,0.0700,0.0074,0.0383,0.0274,0.0285,Linear ridge
Equal weights,quantum machine learning,1334,2,0.0583,0.0611,0.0931,0.0107,0.0096,Naive
Equal weights,quantum communication,1299,2,0.0878,0.0110,0.0073,0.0627,0.0638,Random Forest
Equal weights,quantum image processing,807,1,0.0420,0.0420,0.0326,0.0906,0.0917,Random Forest
Equal weights,quantum signal processing,649,1,0.0435,0.0435,0.0347,0.0967,0.0978,Random Forest
Equal weights,quantum coherence,616,1,0.0507,0.0507,0.0392,0.0973,0.0985,Random Forest
Equal weights,quantum simulation,595,1,0.0456,0.0456,0.0305,0.0992,0.1004,Random Forest
Equal weights,quantum error mitigation,536,1,0.0418,0.0418,0.0234,0.0866,0.0877,Random Forest
Equal weights,quantum distributed computing,434,1,0.0496,0.0496,0.0395,0.1055,0.1066,Random Forest
Equal weights,quantum conversion,374,1,0.0618,0.0618,0.0544,0.1129,0.1142,Random Forest
Equal weights,quantum state tomography,366,1,0.0573,0.0573,0.0453,0.1063,0.1075,Random Forest
Equal weights,quantum compilation,325,1,0.0596,0.0596,0.0495,0.1147,0.1158,Random Forest
Equal weights,quantum data structures,304,1,0.0411,0.0411,0.0300,0.0856,0.0867,Random Forest
Equal weights,quantum software tools,99,1,0.0470,0.0470,0.0390,0.0971,0.0983,Random Forest
Equal weights,quantum information theory,98,1,0.0525,0.0525,0.0463,0.1052,0.1063,Random Forest
Equal weights,quantum logic gates,97,1,0.0567,0.0567,0.0509,0.1086,0.1098,Random Forest
Equal weights,quantum metrology,97,1,0.0579,0.0579,0.0510,0.1091,0.1102,Random Forest
Equal weights,quantum computing in ai,87,1,0.0474,0.0474,0.0404,0.1018,0.1029,Random Forest
Equal weights,quantum visualization tools,71,1,0.0606,0.0606,0.0538,0.1121,0.1133,Random Forest
Equal weights,quantum thermodynamics,64,1,0.0576,0.0576,0.0507,0.1086,0.1097,Random Forest
Equal weights,quantum computational complexity,49,1,0.0613,0.0613,0.0552,0.1123,0.1135,Random Forest
Equal weights,quantum resource theory,47,1,0.0565,0.0565,0.0503,0.1074,0.1086,Random Forest
Equal weights,quantum noise spectroscopy,33,1,0.0584,0.0584,0.0513,0.1074,0.1086,Random Forest
Equal weights,quantum surface codes,29,1,0.0587,0.0587,0.0523,0.1098,0.1109,Random Forest
Equal weights,quantum reinforcement learning,26,1,0.0530,0.0530,0.0471,0.1052,0.1064,Random Forest
Equal weights,quantum fidelity estimation,20,1,0.0586,0.0586,0.0523,0.1099,0.1111,Random Forest
Equal weights,quantum workforce development,17,1,0.0580,0.0580,0.0520,0.1103,0.1114,Random Forest
No funding,quantum computing,7060,3,0.1509,0.3474,0.4746,0.3854,0.3842,Polynomial ridge
No funding,quantum computing applications,4610,3,0.2495,0.4124,0.4881,0.4154,0.4142,Polynomial ridge
No funding,quantum optimization,3965,3,0.1745,0.2403,0.3260,0.2654,0.2644,Polynomial ridge
No funding,quantum hardware,3587,3,0.0833,0.0320,0.0844,0.0393,0.0381,Linear ridge
No funding,quantum computing hardware (hybrid),3340,3,0.1002,0.0455,0.0198,0.0121,0.0132,XGBoost
No funding,quantum sensing,3155,3,0.0425,0.0172,0.0416,0.0295,0.0284,Linear ridge
No funding,quantum cryptography,3068,3,0.0568,0.1077,0.1760,0.1518,0.1506,Polynomial ridge
No funding,quantum security tools,2040,3,0.1611,0.1443,0.1956,0.1856,0.1844,Linear ridge
No funding,quantum algorithms,1858,2,0.0254,0.0562,0.1056,0.0796,0.0785,Polynomial ridge
No funding,quantum control,1812,2,0.0042,0.0243,0.0642,0.0456,0.0445,Polynomial ridge
No funding,quantum computing theory,1531,2,0.0121,0.0388,0.0498,0.0394,0.0383,Polynomial ridge
No funding,quantum error correction,1507,2,0.0712,0.1006,0.1385,0.1275,0.1264,Polynomial ridge
No funding,quantum machine learning,1334,2,0.0887,0.1812,0.2206,0.1847,0.1836,Polynomial ridge
No funding,quantum communication,1299,2,0.0445,0.0731,0.0919,0.0746,0.0734,Polynomial ridge
No funding,quantum image processing,807,1,0.0265,0.0265,0.0321,0.0320,0.0316,Polynomial ridge
No funding,quantum signal processing,649,1,0.0243,0.0243,0.0289,0.0235,0.0224,Naive
No funding,quantum coherence,616,1,0.0136,0.0136,0.0222,0.0222,0.0214,Polynomial ridge
No funding,quantum simulation,595,1,0.0212,0.0212,0.0352,0.0196,0.0185,Naive
No funding,quantum error mitigation,536,1,0.0269,0.0269,0.0459,0.0388,0.0376,Polynomial ridge
No funding,quantum distributed computing,434,1,0.0151,0.0151,0.0218,0.0104,0.0093,Naive
No funding,quantum conversion,374,1,0.0031,0.0031,0.0006,0.0011,0.0021,Random Forest
No funding,quantum state tomography,366,1,0.0036,0.0036,0.0131,0.0091,0.0079,Polynomial ridge
No funding,quantum compilation,325,1,0.0001,0.0001,0.0068,0.0034,0.0045,Polynomial ridge
No funding,quantum data structures,304,1,0.0280,0.0280,0.0360,0.0388,0.0391,Polynomial ridge
No funding,quantum software tools,99,1,0.0191,0.0191,0.0225,0.0228,0.0217,Polynomial ridge
No funding,quantum information theory,98,1,0.0108,0.0108,0.0115,0.0108,0.0097,Naive
No funding,quantum logic gates,97,1,0.0044,0.0044,0.0046,0.0051,0.0044,Naive
No funding,quantum metrology,97,1,0.0027,0.0027,0.0045,0.0048,0.0038,Polynomial ridge
No funding,quantum computing in ai,87,1,0.0185,0.0185,0.0204,0.0159,0.0147,Naive
No funding,quantum visualization tools,71,1,0.0014,0.0014,0.0003,0.0001,0.0008,XGBoost
No funding,quantum thermodynamics,64,1,0.0032,0.0032,0.0050,0.0051,0.0046,Polynomial ridge
No funding,quantum computational complexity,49,1,0.0024,0.0024,0.0018,0.0016,0.0011,Naive
No funding,quantum resource theory,47,1,0.0049,0.0049,0.0055,0.0057,0.0062,Polynomial ridge
No funding,quantum noise spectroscopy,33,1,0.0020,0.0020,0.0040,0.0058,0.0062,Polynomial ridge
No funding,quantum surface codes,29,1,0.0015,0.0015,0.0025,0.0030,0.0027,Polynomial ridge
No funding,quantum reinforcement learning,26,1,0.0101,0.0101,0.0104,0.0107,0.0096,Naive
No funding,quantum fidelity estimation,20,1,0.0017,0.0017,0.0025,0.0028,0.0024,Polynomial ridge
No funding,quantum workforce development,17,1,0.0026,0.0026,0.0030,0.0031,0.0020,Naive
